Respondent_ID,Q1_Age,Q2_Gender,Q3_Education,Q4_Employment,Q5_FamilyFinance,Q6_HomeLocation,Q7_FamilyHistory,Q8.1_Stress,Q8.2_PeerPressure,Q8.3_Normality,Q8.4_ExploreIdentity,Q8.5_HomeProblem,Q8.6_ConfidentToSayNo,Q9_Beliefs,Q10_MoralFailing,Q11_Penalties,Q12_FirstTimeMotivation,Q13_SocialAttitude,Q14_EverUsed,Q15_FirstUseAge,Q16_WeeklySpend,Q17_Cannabis,Q17_Cocaine,Q17_Ecstasy,Q17_Heroin,Q17_Meth,Q17_Prescription,Q17_Psychedelics,Q18_Frequency,Q19_Setting,Q20_InterestInHelp,Q21.1_SchoolEd,Q21.2_ParentalGuide,Q21.3_Commu,Q21.4_PublicCamp,Q21.5_MentalHealth
1,22.0,Female,Completed Year 12 (VCE),Unemployed,Struggled to meet basic needs,A town,No,Agree,Neutral,Neutral,Neutral,Agree,Agree,Disagree,Disagree,Strongly Disagree,To relieve stress or anxiety,"Accepted and normalized (e.g., seen as a recreational or casual activity)",Yes,17.0,66.3050756547024,Yes,Yes,No,No,No,No,No,Once a week,At a friend's house,"Yes, considering",Very effective,Very effective,Not effective,Effective,Effective
2,18.0,Male,Completed Year 12 (VCE),Unemployed,"Met basic needs, but with some difficulty",A rural area,Yes,Disagree,Agree,Disagree,Agree,Disagree,Agree,Disagree,Disagree,Disagree,To relieve stress or anxiety,"Accepted and normalized (e.g., seen as a recreational or casual activity)",Yes,16.0,34.3169432743109,Yes,No,No,No,Yes,No,Yes,1-3 times a month,At a friend's house,"Yes, considering",Very effective,Very effective,Very effective,Very effective,Very effective
3,20.0,Female,Completed Year 12 (VCE),Student,"Comfortable, able to meet most needs",A town,Yes,Disagree,Disagree,Strongly Disagree,Neutral,Disagree,Agree,Neutral,Neutral,Agree,To relieve stress or anxiety,"Negative and stigmatized (e.g., seen as dangerous or a moral failing)",Yes,18.0,60.9494729967064,Yes,No,No,No,No,No,No,1-3 times a month,At a friend's house,Not sure,Neutral,Very effective,Not effective,Neutral,Effective
4,23.0,Female,TAFE Qualification,Unemployed,"Met basic needs, but with some difficulty",A large city,No,Neutral,Strongly Disagree,Strongly Disagree,Disagree,Neutral,Agree,Neutral,Neutral,Disagree,Curiosity,"Accepted and normalized (e.g., seen as a recreational or casual activity)",Yes,18.0,29.3911898188975,Yes,No,No,No,No,No,No,Once a week,At a friend's house,Not sure,Not effective,Neutral,Not effective,Not effective,Not effective
5,21.0,Female,Undergraduate University Degree,Self-employed,"Met basic needs, but with some difficulty",A large city,No,Strongly Disagree,Neutral,Disagree,Disagree,Disagree,Agree,Neutral,Agree,Neutral,To cope with boredom,"Accepted and normalized (e.g., seen as a recreational or casual activity)",Yes,19.0,26.006702824287,Yes,No,No,No,No,No,No,Less than once a month,"Outdoors (e.g., park, street)",No,Effective,Neutral,Not effective,Effective,Effective
6,23.0,Male,Postgraduate University Degree,Unemployed,"Comfortable, able to meet most needs",A town,No,Strongly Disagree,Strongly Disagree,Strongly Disagree,Disagree,Disagree,Strongly Agree,Neutral,Neutral,Neutral,To escape problems,"Negative and stigmatized (e.g., seen as dangerous or a moral failing)",Yes,19.0,90.5411322336319,Yes,Yes,No,No,No,No,No,1-3 times a month,At a party or social gathering,Not sure,Effective,Neutral,Very effective,Neutral,Very effective
7,21.0,Male,TAFE Qualification,Unemployed,"Comfortable, able to meet most needs",A large city,Yes,Neutral,Neutral,Neutral,Disagree,Disagree,Neutral,Disagree,Neutral,Disagree,Curiosity,"Negative and stigmatized (e.g., seen as dangerous or a moral failing)",Yes,18.0,35.8113417783665,No,No,No,Yes,No,No,No,1-3 times a month,At a party or social gathering,Not sure,Very effective,Very effective,Effective,Very effective,Very effective
8,22.0,Female,TAFE Qualification,Student,"Met basic needs, but with some difficulty",A suburb of a large city,Yes,Disagree,Neutral,Neutral,Disagree,Disagree,Agree,Disagree,Neutral,Disagree,To relieve stress or anxiety,"Accepted and normalized (e.g., seen as a recreational or casual activity)",Yes,17.0,55.1960287896889,No,No,No,No,No,No,No,1-3 times a month,At home alone,Not sure,Very effective,Very effective,Neutral,Effective,Effective
9,22.0,Male,Did not complete Year 12,Self-employed,"Comfortable, able to meet most needs",A large city,No,Strongly Agree,Disagree,Disagree,Neutral,Agree,Neutral,Disagree,Disagree,Neutral,To escape problems,"Accepted and normalized (e.g., seen as a recreational or casual activity)",Yes,18.0,38.22053509889,Yes,No,Yes,No,No,No,No,Several times a week,At a party or social gathering,"Yes, considering",Neutral,Neutral,Neutral,Neutral,Neutral
10,20.0,Male,Did not complete Year 12,Employed part-time,Struggled to meet basic needs,A rural area,No,Agree,Strongly Agree,Agree,Neutral,Agree,Strongly Disagree,Disagree,Disagree,Disagree,To relieve stress or anxiety,"Accepted and normalized (e.g., seen as a recreational or casual activity)",Yes,17.0,43.7627612428012,Yes,No,No,No,No,No,No,Daily,At a friend's house,"Yes, actively",Effective,Very effective,Effective,Very effective,Very effective
11,20.0,Female,TAFE Qualification,Unemployed,Struggled to meet basic needs,A suburb of a large city,Yes,Agree,Neutral,Disagree,Disagree,Agree,Neutral,Disagree,Disagree,Strongly Disagree,Curiosity,"Accepted and normalized (e.g., seen as a recreational or casual activity)",Yes,16.0,16.7400378117079,Yes,No,No,No,No,No,No,Several times a week,At a party or social gathering,"Yes, actively",Neutral,Neutral,Not effective at all,Neutral,Neutral
12,21.0,Female,Completed Year 12 (VCE),Self-employed,"Met basic needs, but with some difficulty",A large city,No,Agree,Disagree,Neutral,Neutral,Agree,Agree,Strongly Disagree,Strongly Disagree,Strongly Disagree,To fit in with friends,"Mixed or polarized (e.g., some are for it, others are strongly against it)",Yes,18.0,73.7946608401684,Yes,No,No,No,No,No,No,Several times a week,At a party or social gathering,Not sure,Effective,Very effective,Effective,Effective,Effective
13,21.0,Male,TAFE Qualification,Self-employed,"Met basic needs, but with some difficulty",A rural area,Yes,Disagree,Neutral,Neutral,Disagree,Disagree,Agree,Disagree,Neutral,Disagree,To relieve stress or anxiety,"Negative and stigmatized (e.g., seen as dangerous or a moral failing)",Yes,17.0,31.7052525687215,Yes,No,No,No,No,No,Yes,Once a week,At a friend's house,No,Effective,Effective,Very effective,Effective,Very effective
14,22.0,Male,Undergraduate University Degree,Self-employed,"Met basic needs, but with some difficulty",A rural area,No,Disagree,Agree,Strongly Agree,Neutral,Disagree,Neutral,Disagree,Neutral,Disagree,To escape problems,Private and not openly discussed,Yes,17.0,116.714115505937,Yes,No,No,No,No,No,Yes,Once a week,At a friend's house,No,Very effective,Very effective,Very effective,Very effective,Very effective
15,23.0,Male,Undergraduate University Degree,Self-employed,"Met basic needs, but with some difficulty",A town,Yes,Disagree,Strongly Disagree,Disagree,Disagree,Neutral,Strongly Agree,Disagree,Disagree,Disagree,To escape problems,"Accepted and normalized (e.g., seen as a recreational or casual activity)",Yes,19.0,69.3703256597498,Yes,No,No,No,No,No,No,Once a week,At home alone,No,Effective,Not effective,Effective,Effective,Effective
16,23.0,Male,Undergraduate University Degree,Employed part-time,"Comfortable, able to meet most needs",A town,No,Neutral,Neutral,Neutral,Disagree,Neutral,Disagree,Disagree,Agree,Neutral,To relieve stress or anxiety,"Accepted and normalized (e.g., seen as a recreational or casual activity)",Yes,19.0,21.9265025798561,Yes,No,No,No,No,No,No,Once a week,"Outdoors (e.g., park, street)",No,Neutral,Effective,Not effective,Neutral,Neutral
17,22.0,Male,Completed Year 12 (VCE),Unemployed,"Met basic needs, but with some difficulty",A suburb of a large city,No,Agree,Neutral,Agree,Neutral,Agree,Neutral,Disagree,Disagree,Disagree,To relieve stress or anxiety,"Accepted and normalized (e.g., seen as a recreational or casual activity)",Yes,17.0,59.3341306831274,Yes,No,No,No,No,No,No,Once a week,At a friend's house,"Yes, considering",Very effective,Very effective,Very effective,Very effective,Very effective
18,18.0,Male,Completed Year 12 (VCE),Unemployed,Struggled to meet basic needs,A town,No,Disagree,Agree,Agree,Neutral,Neutral,Neutral,Disagree,Disagree,Disagree,To fit in with friends,"Accepted and normalized (e.g., seen as a recreational or casual activity)",Yes,16.0,32.2172509359891,Yes,No,No,No,No,No,Yes,Once a week,At home alone,"Yes, considering",Effective,Very effective,Very effective,Very effective,Very effective
19,20.0,Female,Undergraduate University Degree,Employed part-time,"Met basic needs, but with some difficulty",A town,Yes,Disagree,Agree,Agree,Neutral,Strongly Disagree,Neutral,Disagree,Neutral,Disagree,To relieve stress or anxiety,"Negative and stigmatized (e.g., seen as dangerous or a moral failing)",Yes,17.0,51.562781105184,Yes,No,Yes,No,No,No,No,Less than once a month,At a friend's house,No,Effective,Effective,Effective,Very effective,Very effective
20,23.0,Male,Undergraduate University Degree,Unemployed,"Very comfortable, rarely had to worry about money",A town,No,Strongly Disagree,Strongly Disagree,Strongly Disagree,Strongly Disagree,Strongly Disagree,Strongly Agree,Neutral,Agree,Agree,To relieve stress or anxiety,Private and not openly discussed,Yes,20.0,17.6449177084731,Yes,No,No,No,No,No,Yes,Less than once a month,"Outdoors (e.g., park, street)",No,Neutral,Not effective,Effective,Not effective,Effective
21,21.0,Male,TAFE Qualification,Unemployed,"Comfortable, able to meet most needs",A large city,No,Strongly Disagree,Neutral,Disagree,Neutral,Strongly Disagree,Neutral,Neutral,Agree,Agree,To fit in with friends,"Accepted and normalized (e.g., seen as a recreational or casual activity)",Yes,18.0,58.5428084604358,Yes,No,No,No,No,No,No,1-3 times a month,At a friend's house,No,Neutral,Very effective,Neutral,Effective,Effective
22,22.0,Male,Undergraduate University Degree,Student,"Comfortable, able to meet most needs",A town,Yes,Disagree,Neutral,Disagree,Strongly Disagree,Disagree,Neutral,Disagree,Agree,Agree,To relieve stress or anxiety,"Accepted and normalized (e.g., seen as a recreational or casual activity)",Yes,19.0,18.3312802756913,Yes,No,Yes,No,No,No,No,Less than once a month,At home alone,No,Effective,Very effective,Very effective,Effective,Effective
23,22.0,Female,Undergraduate University Degree,Employed full-time,"Comfortable, able to meet most needs",A suburb of a large city,Yes,Disagree,Disagree,Disagree,Neutral,Disagree,Strongly Agree,Neutral,Neutral,Disagree,To relieve stress or anxiety,"Accepted and normalized (e.g., seen as a recreational or casual activity)",Yes,18.0,67.7174872302838,Yes,No,No,No,No,Yes,No,Less than once a month,At home alone,Not sure,Very effective,Very effective,Effective,Effective,Effective
24,19.0,Female,TAFE Qualification,Employed part-time,Struggled to meet basic needs,A suburb of a large city,Yes,Disagree,Neutral,Disagree,Neutral,Neutral,Agree,Neutral,Disagree,Disagree,To escape problems,"Negative and stigmatized (e.g., seen as dangerous or a moral failing)",Yes,16.0,62.3068176725158,Yes,No,No,No,No,No,No,Once a week,At a friend's house,"Yes, actively",Effective,Effective,Not effective,Effective,Very effective
25,21.0,Male,Completed Year 12 (VCE),Employed part-time,"Comfortable, able to meet most needs",A suburb of a large city,No,Agree,Disagree,Strongly Disagree,Strongly Disagree,Agree,Agree,Neutral,Disagree,Neutral,To relieve stress or anxiety,"Accepted and normalized (e.g., seen as a recreational or casual activity)",Yes,18.0,11.1582853814131,Yes,No,No,No,No,Yes,No,1-3 times a month,At a friend's house,"Yes, considering",Neutral,Neutral,Very effective,Not effective,Effective
26,19.0,Male,TAFE Qualification,Employed full-time,"Comfortable, able to meet most needs",A large city,Yes,Strongly Disagree,Agree,Strongly Disagree,Disagree,Strongly Disagree,Agree,Agree,Agree,Strongly Agree,To fit in with friends,"Accepted and normalized (e.g., seen as a recreational or casual activity)",Yes,18.0,16.917907306551,Yes,No,No,No,Yes,No,No,1-3 times a month,At home alone,Not sure,Neutral,Effective,Very effective,Neutral,Very effective
27,21.0,Female,Undergraduate University Degree,Student,"Met basic needs, but with some difficulty",A large city,No,Neutral,Disagree,Disagree,Neutral,Neutral,Strongly Agree,Neutral,Disagree,Disagree,To relieve stress or anxiety,"Mixed or polarized (e.g., some are for it, others are strongly against it)",Yes,18.0,86.469738667438,No,No,No,No,No,No,No,Once a week,At home alone,Not sure,Neutral,Neutral,Neutral,Neutral,Effective
28,19.0,Female,Did not complete Year 12,Student,"Met basic needs, but with some difficulty",A large city,No,Strongly Agree,Agree,Strongly Agree,Agree,Agree,Disagree,Strongly Disagree,Strongly Disagree,Disagree,To relieve stress or anxiety,"Accepted and normalized (e.g., seen as a recreational or casual activity)",Yes,16.0,42.7294430020543,Yes,No,No,No,No,Yes,No,Several times a week,At a friend's house,"Yes, actively",Effective,Very effective,Neutral,Neutral,Effective
29,22.0,Male,Did not complete Year 12,Unemployed,"Comfortable, able to meet most needs",A large city,No,Neutral,Disagree,Strongly Disagree,Neutral,Neutral,Agree,Neutral,Disagree,Agree,Curiosity,Private and not openly discussed,Yes,19.0,33.8869934865209,Yes,No,No,No,No,No,No,Once a week,At home alone,Not sure,Not effective,Very effective,Effective,Not effective,Neutral
30,21.0,Female,Did not complete Year 12,Employed full-time,"Met basic needs, but with some difficulty",A town,No,Strongly Agree,Agree,Agree,Agree,Agree,Disagree,Disagree,Disagree,Disagree,To relieve stress or anxiety,"Accepted and normalized (e.g., seen as a recreational or casual activity)",Yes,16.0,55.661875326652,Yes,No,No,No,No,Yes,No,Daily,At a party or social gathering,"Yes, considering",Not effective,Neutral,Not effective,Neutral,Neutral
31,22.0,Female,Undergraduate University Degree,Student,"Comfortable, able to meet most needs",A suburb of a large city,Yes,Disagree,Disagree,Disagree,Disagree,Strongly Disagree,Agree,Neutral,Neutral,Neutral,To escape problems,"Negative and stigmatized (e.g., seen as dangerous or a moral failing)",Yes,20.0,42.1589467186345,Yes,No,No,No,No,No,No,Less than once a month,At a friend's house,No,Neutral,Effective,Neutral,Neutral,Effective
32,21.0,Female,TAFE Qualification,Employed part-time,"Comfortable, able to meet most needs",A rural area,No,Neutral,Neutral,Disagree,Neutral,Neutral,Neutral,Disagree,Neutral,Neutral,To cope with boredom,"Negative and stigmatized (e.g., seen as dangerous or a moral failing)",Yes,19.0,48.0497885525504,No,No,No,Yes,Yes,No,Yes,1-3 times a month,At a friend's house,Not sure,Neutral,Effective,Not effective,Effective,Effective
33,22.0,Male,Postgraduate University Degree,Unemployed,"Met basic needs, but with some difficulty",A town,No,Neutral,Strongly Disagree,Strongly Disagree,Strongly Disagree,Neutral,Agree,Neutral,Neutral,Disagree,To seek a 'high' or plessure,"Accepted and normalized (e.g., seen as a recreational or casual activity)",Yes,19.0,13.2492584633465,No,No,No,No,Yes,Yes,Yes,Less than once a month,At a friend's house,Not sure,Neutral,Not effective,Not effective,Neutral,Neutral
34,19.0,Male,Completed Year 12 (VCE),Employed full-time,"Met basic needs, but with some difficulty",A suburb of a large city,Yes,Neutral,Strongly Agree,Agree,Neutral,Disagree,Strongly Disagree,Disagree,Agree,Agree,To relieve stress or anxiety,Private and not openly discussed,Yes,18.0,21.8717933295498,Yes,No,No,No,No,No,No,Several times a week,"Outdoors (e.g., park, street)",Not sure,Not effective,Neutral,Neutral,Effective,Effective
35,21.0,Female,Completed Year 12 (VCE),Employed part-time,"Met basic needs, but with some difficulty",A rural area,No,Neutral,Agree,Agree,Agree,Neutral,Disagree,Disagree,Neutral,Neutral,Curiosity,Private and not openly discussed,Yes,17.0,73.6685648799444,Yes,No,No,No,No,No,No,Several times a week,At a party or social gathering,Not sure,Effective,Effective,Effective,Very effective,Very effective
36,18.0,Male,Did not complete Year 12,Student,"Met basic needs, but with some difficulty",A town,No,Neutral,Agree,Agree,Neutral,Disagree,Neutral,Disagree,Disagree,Disagree,To escape problems,"Mixed or polarized (e.g., some are for it, others are strongly against it)",Yes,16.0,43.7843729543063,Yes,No,No,No,No,No,No,Once a week,"Outdoors (e.g., park, street)","Yes, considering",Neutral,Neutral,Effective,Effective,Effective
37,20.0,Female,Completed Year 12 (VCE),Unemployed,"Comfortable, able to meet most needs",A suburb of a large city,No,Strongly Disagree,Neutral,Disagree,Disagree,Strongly Disagree,Agree,Neutral,Agree,Agree,To escape problems,"Negative and stigmatized (e.g., seen as dangerous or a moral failing)",Yes,18.0,19.8328307239228,Yes,No,Yes,No,No,No,No,1-3 times a month,At home alone,Not sure,Not effective,Not effective,Not effective,Not effective,Neutral
38,19.0,Female,Did not complete Year 12,Employed full-time,"Met basic needs, but with some difficulty",A large city,No,Neutral,Agree,Disagree,Agree,Neutral,Disagree,Disagree,Neutral,Disagree,Curiosity,"Accepted and normalized (e.g., seen as a recreational or casual activity)",Yes,17.0,29.5316852713019,Yes,No,No,No,No,No,No,Once a week,"Outdoors (e.g., park, street)",Not sure,Neutral,Effective,Not effective,Effective,Neutral
39,19.0,Male,TAFE Qualification,Unemployed,Struggled to meet basic needs,A town,No,Disagree,Agree,Agree,Disagree,Disagree,Neutral,Disagree,Neutral,Disagree,To relieve stress or anxiety,"Negative and stigmatized (e.g., seen as dangerous or a moral failing)",Yes,16.0,21.5942612406503,Yes,No,No,No,No,No,No,1-3 times a month,At a friend's house,Not sure,Effective,Effective,Effective,Effective,Very effective
40,18.0,Female,Completed Year 12 (VCE),Unemployed,Struggled to meet basic needs,A town,No,Agree,Agree,Neutral,Agree,Strongly Agree,Disagree,Disagree,Strongly Disagree,Strongly Disagree,Curiosity,"Accepted and normalized (e.g., seen as a recreational or casual activity)",Yes,16.0,70.3463480597005,Yes,No,No,No,No,No,No,Several times a week,At home alone,"Yes, actively",Effective,Effective,Neutral,Effective,Very effective
41,19.0,Male,Did not complete Year 12,Unemployed,"Met basic needs, but with some difficulty",A large city,Yes,Disagree,Agree,Neutral,Neutral,Neutral,Disagree,Disagree,Neutral,Neutral,To relieve stress or anxiety,"Mixed or polarized (e.g., some are for it, others are strongly against it)",Yes,16.0,21.6581633087258,Yes,No,Yes,No,No,No,No,Several times a week,At a friend's house,"Yes, considering",Neutral,Neutral,Effective,Effective,Effective
42,23.0,Male,Did not complete Year 12,Employed full-time,Struggled to meet basic needs,A rural area,No,Strongly Agree,Neutral,Neutral,Agree,Strongly Agree,Disagree,Disagree,Strongly Disagree,Disagree,To relieve stress or anxiety,Private and not openly discussed,Yes,16.0,79.0251960221295,Yes,No,No,No,No,No,No,Daily,At a party or social gathering,"Yes, considering",Not effective,Neutral,Not effective,Effective,Neutral
43,21.0,Male,TAFE Qualification,Student,Struggled to meet basic needs,A large city,Yes,Disagree,Disagree,Disagree,Neutral,Neutral,Agree,Neutral,Disagree,Disagree,To relieve stress or anxiety,"Accepted and normalized (e.g., seen as a recreational or casual activity)",Yes,16.0,86.1001061413446,Yes,No,No,No,No,No,No,Once a week,At a party or social gathering,"Yes, considering",Neutral,Effective,Not effective,Effective,Effective
44,22.0,Male,Did not complete Year 12,Unemployed,"Comfortable, able to meet most needs",A large city,Yes,Neutral,Neutral,Neutral,Neutral,Neutral,Agree,Disagree,Neutral,Neutral,To relieve stress or anxiety,"Accepted and normalized (e.g., seen as a recreational or casual activity)",Yes,17.0,53.6147118972178,Yes,No,No,No,No,Yes,No,Once a week,At home alone,Not sure,Effective,Neutral,Very effective,Effective,Effective
45,20.0,Female,TAFE Qualification,Unemployed,"Comfortable, able to meet most needs",A suburb of a large city,No,Neutral,Neutral,Disagree,Neutral,Disagree,Disagree,Disagree,Neutral,Disagree,To fit in with friends,"Accepted and normalized (e.g., seen as a recreational or casual activity)",Yes,18.0,47.462228971348,Yes,No,No,Yes,No,No,No,1-3 times a month,At a party or social gathering,No,Not effective,Neutral,Not effective at all,Effective,Neutral
46,23.0,Female,Completed Year 12 (VCE),Employed full-time,"Comfortable, able to meet most needs",A town,No,Agree,Disagree,Disagree,Neutral,Neutral,Agree,Disagree,Disagree,Disagree,Curiosity,Private and not openly discussed,Yes,19.0,62.6698864074281,Yes,No,No,No,No,Yes,No,1-3 times a month,At a friend's house,No,Neutral,Effective,Neutral,Effective,Neutral
47,21.0,Male,TAFE Qualification,Employed full-time,Struggled to meet basic needs,A rural area,No,Disagree,Neutral,Neutral,Neutral,Disagree,Neutral,Disagree,Disagree,Disagree,Curiosity,"Accepted and normalized (e.g., seen as a recreational or casual activity)",Yes,17.0,98.6382018118451,Yes,No,No,No,Yes,No,No,Once a week,At a party or social gathering,Not sure,Effective,Effective,Effective,Very effective,Very effective
48,23.0,Male,Undergraduate University Degree,Student,"Very comfortable, rarely had to worry about money",A large city,Yes,Disagree,Neutral,Disagree,Neutral,Disagree,Agree,Disagree,Agree,Agree,Curiosity,"Accepted and normalized (e.g., seen as a recreational or casual activity)",Yes,18.0,36.3225837939215,Yes,No,No,No,No,No,No,1-3 times a month,At home alone,No,Neutral,Effective,Neutral,Effective,Effective
49,21.0,Male,Undergraduate University Degree,Employed part-time,"Met basic needs, but with some difficulty",A large city,Yes,Disagree,Neutral,Disagree,Disagree,Disagree,Agree,Neutral,Neutral,Neutral,To fit in with friends,"Mixed or polarized (e.g., some are for it, others are strongly against it)",Yes,17.0,19.3539584324355,No,No,No,No,No,Yes,No,Less than once a month,At home alone,Not sure,Effective,Neutral,Effective,Effective,Very effective
50,24.0,Female,Undergraduate University Degree,Student,"Met basic needs, but with some difficulty",A suburb of a large city,Yes,Disagree,Strongly Disagree,Disagree,Disagree,Disagree,Strongly Agree,Neutral,Neutral,Disagree,To relieve stress or anxiety,Private and not openly discussed,Yes,20.0,72.6822726700734,Yes,No,No,No,No,No,No,1-3 times a month,At home alone,Not sure,Neutral,Not effective,Not effective,Not effective,Neutral
51,19.0,Female,Did not complete Year 12,Employed part-time,Struggled to meet basic needs,A suburb of a large city,Yes,Agree,Agree,Agree,Neutral,Agree,Disagree,Disagree,Disagree,Strongly Disagree,To relieve stress or anxiety,"Mixed or polarized (e.g., some are for it, others are strongly against it)",Yes,17.0,55.5298928513861,Yes,No,No,No,No,No,No,Several times a week,At a friend's house,"Yes, actively",Effective,Effective,Not effective,Neutral,Effective
52,20.0,Female,TAFE Qualification,Student,"Met basic needs, but with some difficulty",A suburb of a large city,Yes,Neutral,Disagree,Disagree,Neutral,Neutral,Strongly Agree,Disagree,Strongly Disagree,Disagree,Curiosity,"Accepted and normalized (e.g., seen as a recreational or casual activity)",Yes,16.0,84.3032592933737,Yes,No,No,Yes,No,No,No,Several times a week,"Outdoors (e.g., park, street)","Yes, considering",Not effective,Neutral,Neutral,Neutral,Effective
53,24.0,Female,Undergraduate University Degree,Employed full-time,"Very comfortable, rarely had to worry about money",A town,Yes,Disagree,Strongly Disagree,Strongly Disagree,Neutral,Disagree,Strongly Agree,Neutral,Neutral,Strongly Agree,Curiosity,"Negative and stigmatized (e.g., seen as dangerous or a moral failing)",Yes,19.0,42.549608686676,Yes,No,Yes,No,No,No,No,1-3 times a month,"Outdoors (e.g., park, street)",No,Not effective,Not effective,Effective,Neutral,Effective
54,20.0,Female,TAFE Qualification,Unemployed,Struggled to meet basic needs,A large city,No,Disagree,Neutral,Agree,Strongly Disagree,Neutral,Neutral,Disagree,Neutral,Disagree,Curiosity,"Accepted and normalized (e.g., seen as a recreational or casual activity)",Yes,17.0,11.795979482549,Yes,No,No,No,No,No,No,1-3 times a month,At home alone,No,Effective,Effective,Effective,Effective,Effective
55,21.0,Male,TAFE Qualification,Student,"Met basic needs, but with some difficulty",A large city,No,Disagree,Neutral,Disagree,Disagree,Neutral,Agree,Neutral,Neutral,Neutral,To fit in with friends,"Negative and stigmatized (e.g., seen as dangerous or a moral failing)",Yes,18.0,30.2387333618404,Yes,No,No,No,No,No,No,1-3 times a month,At home alone,Not sure,Neutral,Not effective,Effective,Effective,Effective
56,21.0,Female,TAFE Qualification,Employed full-time,"Met basic needs, but with some difficulty",A suburb of a large city,Yes,Neutral,Neutral,Disagree,Disagree,Neutral,Agree,Disagree,Neutral,Strongly Disagree,To relieve stress or anxiety,"Mixed or polarized (e.g., some are for it, others are strongly against it)",Yes,19.0,61.5309177991049,Yes,No,No,Yes,No,No,No,Once a week,At home alone,Not sure,Neutral,Effective,Not effective,Neutral,Effective
57,19.0,Female,Completed Year 12 (VCE),Employed part-time,Struggled to meet basic needs,A rural area,No,Agree,Neutral,Disagree,Agree,Agree,Neutral,Disagree,Strongly Disagree,Strongly Disagree,To relieve stress or anxiety,"Negative and stigmatized (e.g., seen as dangerous or a moral failing)",Yes,16.0,77.4521665552853,Yes,No,No,No,No,No,No,Several times a week,At a friend's house,"Yes, considering",Neutral,Effective,Not effective at all,Effective,Effective
58,22.0,Male,Completed Year 12 (VCE),Unemployed,"Comfortable, able to meet most needs",A suburb of a large city,Yes,Neutral,Agree,Neutral,Disagree,Disagree,Neutral,Disagree,Neutral,Agree,To escape problems,"Accepted and normalized (e.g., seen as a recreational or casual activity)",Yes,16.0,10.5496665320757,Yes,No,No,No,No,Yes,No,Several times a week,At a friend's house,"Yes, considering",Not effective,Not effective,Effective,Neutral,Neutral
59,22.0,Female,Completed Year 12 (VCE),Unemployed,"Met basic needs, but with some difficulty",A rural area,Yes,Neutral,Agree,Agree,Disagree,Neutral,Disagree,Disagree,Disagree,Neutral,Curiosity,Private and not openly discussed,Yes,17.0,29.6991479264598,Yes,No,Yes,No,No,No,Yes,Several times a week,At a party or social gathering,"Yes, considering",Neutral,Neutral,Neutral,Neutral,Effective
60,19.0,Female,Completed Year 12 (VCE),Unemployed,Struggled to meet basic needs,A large city,No,Neutral,Agree,Neutral,Agree,Neutral,Neutral,Disagree,Disagree,Disagree,To fit in with friends,"Accepted and normalized (e.g., seen as a recreational or casual activity)",Yes,16.0,79.8106466757558,Yes,No,No,No,No,No,No,Several times a week,At a friend's house,"Yes, considering",Neutral,Effective,Not effective,Effective,Effective
61,21.0,Male,TAFE Qualification,Unemployed,"Met basic needs, but with some difficulty",A large city,Yes,Disagree,Agree,Agree,Disagree,Disagree,Neutral,Disagree,Neutral,Disagree,To escape problems,Private and not openly discussed,Yes,16.0,33.7992875587116,Yes,No,Yes,No,No,No,No,Once a week,At a friend's house,Not sure,Effective,Effective,Neutral,Effective,Effective
62,22.0,Male,Undergraduate University Degree,Unemployed,"Met basic needs, but with some difficulty",A rural area,No,Agree,Disagree,Disagree,Disagree,Agree,Neutral,Disagree,Disagree,Disagree,To relieve stress or anxiety,Private and not openly discussed,Yes,20.0,57.1642792106839,Yes,No,No,No,No,No,No,Less than once a month,At a friend's house,Not sure,Effective,Very effective,Not effective,Neutral,Effective
63,20.0,Male,Completed Year 12 (VCE),Employed part-time,Struggled to meet basic needs,A rural area,No,Neutral,Neutral,Agree,Disagree,Neutral,Disagree,Disagree,Disagree,Strongly Disagree,Curiosity,Private and not openly discussed,Yes,17.0,15.6323966555422,Yes,No,No,No,No,No,No,1-3 times a month,At home alone,Not sure,Neutral,Neutral,Not effective,Effective,Neutral
64,21.0,Male,TAFE Qualification,Unemployed,"Met basic needs, but with some difficulty",A large city,No,Neutral,Neutral,Disagree,Neutral,Agree,Neutral,Disagree,Disagree,Neutral,To relieve stress or anxiety,"Negative and stigmatized (e.g., seen as dangerous or a moral failing)",Yes,18.0,46.9372554666186,Yes,No,No,No,No,No,No,Once a week,At a friend's house,"Yes, considering",Effective,Effective,Effective,Effective,Very effective
65,21.0,Female,Completed Year 12 (VCE),Unemployed,"Met basic needs, but with some difficulty",A suburb of a large city,Yes,Disagree,Agree,Agree,Disagree,Disagree,Disagree,Disagree,Agree,Disagree,To fit in with friends,Private and not openly discussed,Yes,19.0,32.0416604829319,Yes,No,No,No,No,No,Yes,Once a week,At a friend's house,No,Neutral,Effective,Neutral,Effective,Effective
66,23.0,Male,TAFE Qualification,Unemployed,"Comfortable, able to meet most needs",A large city,No,Neutral,Neutral,Disagree,Strongly Disagree,Disagree,Agree,Neutral,Agree,Agree,To relieve stress or anxiety,"Accepted and normalized (e.g., seen as a recreational or casual activity)",Yes,21.0,13.1989296937763,Yes,No,No,No,No,No,No,1-3 times a month,"Outdoors (e.g., park, street)",No,Not effective,Not effective,Very effective,Not effective,Neutral
67,23.0,Male,Undergraduate University Degree,Unemployed,"Comfortable, able to meet most needs",A large city,Yes,Disagree,Neutral,Disagree,Disagree,Disagree,Agree,Neutral,Agree,Agree,To escape problems,"Accepted and normalized (e.g., seen as a recreational or casual activity)",Yes,18.0,30.5615303673781,Yes,No,Yes,No,No,No,Yes,Once a week,At a party or social gathering,Not sure,Neutral,Not effective,Neutral,Neutral,Effective
68,20.0,Male,TAFE Qualification,Employed full-time,Struggled to meet basic needs,A large city,No,Neutral,Agree,Neutral,Agree,Agree,Neutral,Disagree,Disagree,Disagree,Curiosity,"Accepted and normalized (e.g., seen as a recreational or casual activity)",Yes,16.0,69.7349999375564,Yes,No,No,No,No,No,No,Several times a week,"Outdoors (e.g., park, street)",Not sure,Effective,Very effective,Very effective,Very effective,Very effective
69,22.0,Male,TAFE Qualification,Student,"Met basic needs, but with some difficulty",A suburb of a large city,Yes,Agree,Disagree,Neutral,Neutral,Agree,Agree,Disagree,Strongly Disagree,Disagree,To fit in with friends,"Negative and stigmatized (e.g., seen as dangerous or a moral failing)",Yes,16.0,66.4478069699609,Yes,No,No,No,No,Yes,No,Daily,At a party or social gathering,"Yes, considering",Neutral,Not effective,Effective,Effective,Effective
70,19.0,Male,Completed Year 12 (VCE),Unemployed,"Met basic needs, but with some difficulty",A suburb of a large city,Yes,Disagree,Agree,Neutral,Agree,Neutral,Neutral,Disagree,Neutral,Disagree,Curiosity,"Accepted and normalized (e.g., seen as a recreational or casual activity)",Yes,16.0,100.780103003253,Yes,No,No,No,No,No,No,Several times a week,At a party or social gathering,"Yes, actively",Neutral,Not effective,Not effective,Effective,Effective
71,22.0,Male,Completed Year 12 (VCE),Student,Struggled to meet basic needs,A large city,Yes,Agree,Agree,Agree,Disagree,Agree,Disagree,Disagree,Disagree,Disagree,To relieve stress or anxiety,Private and not openly discussed,Yes,17.0,34.4519117807944,Yes,No,No,No,No,No,No,Several times a week,At home alone,"Yes, considering",Neutral,Effective,Very effective,Effective,Effective
72,19.0,Male,Completed Year 12 (VCE),Employed part-time,"Met basic needs, but with some difficulty",A large city,Yes,Strongly Disagree,Agree,Neutral,Disagree,Disagree,Neutral,Neutral,Agree,Agree,To fit in with friends,Private and not openly discussed,Yes,18.0,13.4103780051179,Yes,No,No,No,No,No,No,1-3 times a month,At a friend's house,Not sure,Neutral,Not effective,Very effective,Effective,Very effective
73,20.0,Female,Did not complete Year 12,Employed full-time,Struggled to meet basic needs,A large city,No,Agree,Agree,Neutral,Agree,Agree,Neutral,Disagree,Strongly Disagree,Disagree,Curiosity,"Negative and stigmatized (e.g., seen as dangerous or a moral failing)",Yes,16.0,83.7222250379309,Yes,No,No,No,No,No,No,Daily,At a friend's house,"Yes, actively",Neutral,Neutral,Neutral,Effective,Effective
74,18.0,Female,Did not complete Year 12,Self-employed,"Met basic needs, but with some difficulty",A suburb of a large city,Yes,Agree,Strongly Agree,Agree,Agree,Agree,Disagree,Disagree,Disagree,Disagree,To escape problems,Private and not openly discussed,Yes,16.0,28.2738541618401,No,No,No,No,No,No,No,Several times a week,At a friend's house,"Yes, considering",Neutral,Neutral,Neutral,Effective,Effective
75,22.0,Male,Did not complete Year 12,Unemployed,"Met basic needs, but with some difficulty",A town,Yes,Agree,Agree,Agree,Agree,Neutral,Disagree,Disagree,Disagree,Disagree,To relieve stress or anxiety,"Accepted and normalized (e.g., seen as a recreational or casual activity)",Yes,18.0,90.7423035026534,Yes,No,No,No,No,Yes,No,Several times a week,At home alone,No,Not effective,Very effective,Not effective,Effective,Neutral
76,21.0,Male,Completed Year 12 (VCE),Student,"Met basic needs, but with some difficulty",A suburb of a large city,Yes,Disagree,Neutral,Neutral,Neutral,Agree,Agree,Disagree,Disagree,Neutral,To escape problems,Private and not openly discussed,Yes,16.0,31.9812437133481,Yes,No,No,No,No,No,No,Several times a week,At a party or social gathering,"Yes, considering",Effective,Neutral,Very effective,Effective,Very effective
77,21.0,Male,Completed Year 12 (VCE),Unemployed,"Met basic needs, but with some difficulty",A large city,Yes,Neutral,Neutral,Agree,Disagree,Neutral,Neutral,Disagree,Neutral,Disagree,To relieve stress or anxiety,"Negative and stigmatized (e.g., seen as dangerous or a moral failing)",Yes,18.0,31.3933208689777,Yes,No,Yes,No,No,No,No,Once a week,"Outdoors (e.g., park, street)",No,Effective,Effective,Effective,Effective,Effective
78,21.0,Male,Completed Year 12 (VCE),Student,"Comfortable, able to meet most needs",A suburb of a large city,No,Neutral,Agree,Neutral,Neutral,Disagree,Disagree,Disagree,Neutral,Neutral,To relieve stress or anxiety,"Negative and stigmatized (e.g., seen as dangerous or a moral failing)",Yes,19.0,68.2108947769906,Yes,No,No,Yes,No,Yes,No,Once a week,"Outdoors (e.g., park, street)","Yes, considering",Neutral,Effective,Not effective,Neutral,Effective
79,22.0,Male,Completed Year 12 (VCE),Employed full-time,Struggled to meet basic needs,A suburb of a large city,No,Agree,Disagree,Disagree,Disagree,Agree,Agree,Disagree,Disagree,Disagree,To relieve stress or anxiety,"Accepted and normalized (e.g., seen as a recreational or casual activity)",Yes,16.0,18.5379194209628,Yes,No,No,No,No,No,No,Daily,At a party or social gathering,"Yes, considering",Neutral,Not effective,Neutral,Not effective,Neutral
80,21.0,Male,TAFE Qualification,Employed full-time,"Comfortable, able to meet most needs",A suburb of a large city,No,Neutral,Disagree,Strongly Disagree,Neutral,Neutral,Agree,Neutral,Disagree,Neutral,To cope with boredom,"Negative and stigmatized (e.g., seen as dangerous or a moral failing)",Yes,19.0,109.973158378846,No,No,No,No,No,No,No,1-3 times a month,At home alone,Not sure,Neutral,Effective,Neutral,Effective,Effective
81,19.0,Female,TAFE Qualification,Unemployed,"Met basic needs, but with some difficulty",A large city,No,Disagree,Strongly Agree,Agree,Neutral,Disagree,Disagree,Disagree,Disagree,Neutral,To fit in with friends,"Negative and stigmatized (e.g., seen as dangerous or a moral failing)",Yes,16.0,32.0301369792973,Yes,No,No,No,No,No,No,Once a week,At home alone,"Yes, considering",Effective,Very effective,Very effective,Very effective,Very effective
82,18.0,Male,Completed Year 12 (VCE),Student,Struggled to meet basic needs,A suburb of a large city,Yes,Agree,Neutral,Agree,Disagree,Agree,Disagree,Disagree,Strongly Disagree,Disagree,To seek a 'high' or plessure,"Accepted and normalized (e.g., seen as a recreational or casual activity)",Yes,16.0,16.5752664815819,Yes,No,No,No,No,No,No,Several times a week,"Outdoors (e.g., park, street)","Yes, actively",Not effective,Neutral,Neutral,Neutral,Effective
83,19.0,Male,TAFE Qualification,Self-employed,Struggled to meet basic needs,A town,No,Neutral,Neutral,Agree,Agree,Agree,Agree,Disagree,Strongly Disagree,Strongly Disagree,To escape problems,"Negative and stigmatized (e.g., seen as dangerous or a moral failing)",Yes,15.0,61.9415044004951,Yes,No,No,No,No,No,No,Daily,At a friend's house,"Yes, actively",Neutral,Effective,Neutral,Effective,Very effective
84,23.0,Female,TAFE Qualification,Self-employed,"Comfortable, able to meet most needs",A large city,No,Strongly Disagree,Neutral,Agree,Disagree,Strongly Disagree,Neutral,Neutral,Agree,Agree,Curiosity,"Mixed or polarized (e.g., some are for it, others are strongly against it)",Yes,18.0,37.5421739369243,Yes,No,No,No,No,No,No,Several times a week,At a friend's house,No,Not effective at all,Not effective at all,Neutral,Neutral,Effective
85,17.0,Male,Completed Year 12 (VCE),Employed part-time,Struggled to meet basic needs,A large city,No,Neutral,Disagree,Strongly Disagree,Agree,Agree,Agree,Disagree,Disagree,Strongly Disagree,Curiosity,"Accepted and normalized (e.g., seen as a recreational or casual activity)",Yes,16.0,34.9554372957276,No,No,No,No,No,Yes,No,Once a week,At a friend's house,"Yes, actively",Neutral,Not effective,Not effective,Neutral,Neutral
86,20.0,Female,Did not complete Year 12,Employed full-time,"Met basic needs, but with some difficulty",A rural area,No,Neutral,Agree,Neutral,Agree,Neutral,Neutral,Disagree,Disagree,Disagree,Curiosity,"Accepted and normalized (e.g., seen as a recreational or casual activity)",Yes,17.0,64.3022915127169,Yes,No,No,No,No,No,No,Several times a week,At a party or social gathering,"Yes, considering",Neutral,Neutral,Effective,Effective,Effective
87,22.0,Male,Postgraduate University Degree,Employed full-time,"Met basic needs, but with some difficulty",A rural area,No,Disagree,Disagree,Neutral,Strongly Disagree,Disagree,Agree,Neutral,Neutral,Neutral,Curiosity,"Mixed or polarized (e.g., some are for it, others are strongly against it)",Yes,19.0,12.8890415353475,Yes,No,No,No,No,No,No,Less than once a month,At a friend's house,No,Not effective,Not effective,Effective,Neutral,Effective
88,19.0,Female,Completed Year 12 (VCE),Employed part-time,"Met basic needs, but with some difficulty",A rural area,Yes,Disagree,Neutral,Neutral,Neutral,Disagree,Neutral,Disagree,Disagree,Neutral,Curiosity,"Accepted and normalized (e.g., seen as a recreational or casual activity)",Yes,16.0,36.9907937212144,Yes,No,No,No,No,No,No,Several times a week,At home alone,Not sure,Not effective,Not effective,Not effective,Effective,Effective
89,22.0,Female,Did not complete Year 12,Unemployed,"Met basic needs, but with some difficulty",A rural area,No,Strongly Agree,Neutral,Agree,Agree,Strongly Agree,Disagree,Strongly Disagree,Strongly Disagree,Strongly Disagree,To escape problems,"Negative and stigmatized (e.g., seen as dangerous or a moral failing)",Yes,16.0,59.2237228485453,Yes,No,Yes,No,No,No,No,Daily,At a party or social gathering,"Yes, actively",Not effective,Effective,Not effective,Neutral,Not effective
90,17.0,Male,Completed Year 12 (VCE),Student,Struggled to meet basic needs,A large city,Yes,Agree,Strongly Agree,Neutral,Neutral,Agree,Disagree,Disagree,Disagree,Strongly Disagree,Curiosity,"Accepted and normalized (e.g., seen as a recreational or casual activity)",Yes,16.0,17.2940670694338,Yes,No,Yes,No,No,No,Yes,Once a week,At a party or social gathering,"Yes, actively",Effective,Neutral,Not effective,Very effective,Effective
91,20.0,Female,Did not complete Year 12,Employed part-time,Struggled to meet basic needs,A rural area,Yes,Strongly Agree,Neutral,Neutral,Neutral,Strongly Agree,Disagree,Strongly Disagree,Strongly Disagree,Strongly Disagree,To escape problems,"Negative and stigmatized (e.g., seen as dangerous or a moral failing)",Yes,16.0,18.5977818678477,Yes,No,Yes,No,No,No,No,Daily,At a friend's house,"Yes, considering",Not effective,Neutral,Not effective at all,Not effective,Not effective at all
92,24.0,Female,TAFE Qualification,Unemployed,"Met basic needs, but with some difficulty",A large city,No,Agree,Neutral,Agree,Disagree,Agree,Neutral,Disagree,Disagree,Disagree,To relieve stress or anxiety,"Accepted and normalized (e.g., seen as a recreational or casual activity)",Yes,17.0,34.7058327882205,Yes,No,No,No,No,No,No,Once a week,At home alone,No,Effective,Very effective,Very effective,Effective,Effective
93,22.0,Male,Postgraduate University Degree,Unemployed,"Comfortable, able to meet most needs",A town,No,Disagree,Strongly Disagree,Strongly Disagree,Disagree,Disagree,Strongly Agree,Neutral,Neutral,Disagree,To fit in with friends,"Accepted and normalized (e.g., seen as a recreational or casual activity)",Yes,20.0,56.7615806717969,No,No,No,No,No,No,No,1-3 times a month,"Outdoors (e.g., park, street)",Not sure,Not effective,Not effective,Not effective,Not effective,Neutral
94,23.0,Female,TAFE Qualification,Employed part-time,"Very comfortable, rarely had to worry about money",A suburb of a large city,No,Strongly Disagree,Disagree,Disagree,Agree,Disagree,Strongly Agree,Neutral,Neutral,Agree,To escape problems,"Accepted and normalized (e.g., seen as a recreational or casual activity)",Yes,17.0,104.169675323049,Yes,No,No,No,No,No,No,Once a week,At a friend's house,No,Not effective,Not effective at all,Effective,Effective,Effective
95,21.0,Female,Did not complete Year 12,Self-employed,"Comfortable, able to meet most needs",A suburb of a large city,Yes,Agree,Neutral,Disagree,Neutral,Agree,Neutral,Neutral,Disagree,Neutral,To seek a 'high' or plessure,"Accepted and normalized (e.g., seen as a recreational or casual activity)",Yes,17.0,50.9339830868901,No,No,No,No,No,No,Yes,Daily,At a party or social gathering,"Yes, actively",Not effective,Not effective,Effective,Neutral,Effective
96,20.0,Female,Completed Year 12 (VCE),Unemployed,"Met basic needs, but with some difficulty",A large city,No,Neutral,Agree,Agree,Neutral,Disagree,Disagree,Disagree,Disagree,Disagree,Curiosity,"Accepted and normalized (e.g., seen as a recreational or casual activity)",Yes,17.0,38.6682865515638,Yes,No,Yes,No,No,No,No,Several times a week,At a party or social gathering,"Yes, considering",Not effective,Effective,Not effective at all,Not effective,Neutral
97,18.0,Female,Completed Year 12 (VCE),Employed full-time,"Comfortable, able to meet most needs",A suburb of a large city,No,Disagree,Strongly Agree,Agree,Neutral,Disagree,Disagree,Neutral,Neutral,Agree,To escape problems,"Accepted and normalized (e.g., seen as a recreational or casual activity)",Yes,17.0,32.6209851314005,Yes,No,No,No,No,Yes,No,Less than once a month,At a party or social gathering,Not sure,Neutral,Effective,Neutral,Effective,Very effective
98,21.0,Male,TAFE Qualification,Self-employed,"Met basic needs, but with some difficulty",A town,No,Neutral,Neutral,Neutral,Agree,Neutral,Agree,Disagree,Disagree,Disagree,To relieve stress or anxiety,Private and not openly discussed,Yes,16.0,91.3928292456657,Yes,No,No,Yes,No,No,No,Several times a week,At a party or social gathering,"Yes, considering",Not effective,Not effective,Not effective,Effective,Effective
99,18.0,Male,Completed Year 12 (VCE),Employed part-time,Struggled to meet basic needs,A large city,No,Strongly Agree,Agree,Agree,Agree,Agree,Disagree,Disagree,Strongly Disagree,Strongly Disagree,Curiosity,"Negative and stigmatized (e.g., seen as dangerous or a moral failing)",Yes,16.0,41.5789286242105,Yes,No,No,No,No,No,No,Several times a week,At a friend's house,"Yes, considering",Neutral,Effective,Not effective at all,Effective,Neutral
100,22.0,Female,Completed Year 12 (VCE),Employed full-time,"Comfortable, able to meet most needs",A rural area,Yes,Agree,Disagree,Neutral,Neutral,Agree,Neutral,Neutral,Strongly Disagree,Disagree,To fit in with friends,"Mixed or polarized (e.g., some are for it, others are strongly against it)",Yes,18.0,85.824497237229,Yes,No,No,No,No,No,No,Once a week,At a friend's house,Not sure,Neutral,Neutral,Very effective,Effective,Effective
101,23.0,Male,Undergraduate University Degree,Student,"Comfortable, able to meet most needs",A large city,Yes,Neutral,Disagree,Disagree,Strongly Disagree,Disagree,Agree,Neutral,Agree,Neutral,Curiosity,"Accepted and normalized (e.g., seen as a recreational or casual activity)",Yes,21.0,24.4382856237544,Yes,No,No,No,Yes,No,Yes,1-3 times a month,At a party or social gathering,No,Neutral,Not effective,Very effective,Neutral,Effective
102,22.0,Female,Completed Year 12 (VCE),Employed full-time,"Met basic needs, but with some difficulty",A suburb of a large city,No,Disagree,Neutral,Agree,Neutral,Disagree,Neutral,Disagree,Disagree,Neutral,Curiosity,Private and not openly discussed,Yes,17.0,60.6665209567474,Yes,No,No,No,No,No,No,Once a week,At a friend's house,No,Neutral,Effective,Neutral,Neutral,Neutral
103,22.0,Female,TAFE Qualification,Student,"Met basic needs, but with some difficulty",A large city,No,Neutral,Strongly Disagree,Neutral,Neutral,Neutral,Agree,Disagree,Disagree,Disagree,To escape problems,Private and not openly discussed,Yes,17.0,50.3876796230781,Yes,No,Yes,No,No,No,No,Several times a week,At home alone,Not sure,Not effective,Not effective at all,Not effective,Neutral,Neutral
104,21.0,Male,Did not complete Year 12,Self-employed,"Met basic needs, but with some difficulty",A suburb of a large city,No,Agree,Disagree,Agree,Disagree,Agree,Neutral,Disagree,Strongly Disagree,Strongly Disagree,To relieve stress or anxiety,"Accepted and normalized (e.g., seen as a recreational or casual activity)",Yes,17.0,16.2011354522771,Yes,No,No,No,No,No,No,Several times a week,At home alone,"Yes, considering",Neutral,Not effective,Effective,Neutral,Neutral
105,20.0,Female,Did not complete Year 12,Unemployed,Struggled to meet basic needs,A suburb of a large city,No,Strongly Agree,Strongly Agree,Strongly Agree,Neutral,Strongly Agree,Strongly Disagree,Strongly Disagree,Neutral,Disagree,To escape problems,"Negative and stigmatized (e.g., seen as dangerous or a moral failing)",Yes,16.0,10.360407187445,Yes,No,No,Yes,No,No,Yes,Daily,At home alone,"Yes, actively",Neutral,Not effective,Not effective,Neutral,Neutral
106,19.0,Male,Did not complete Year 12,Unemployed,"Met basic needs, but with some difficulty",A suburb of a large city,Yes,Agree,Agree,Neutral,Agree,Neutral,Neutral,Disagree,Disagree,Disagree,To escape problems,"Accepted and normalized (e.g., seen as a recreational or casual activity)",Yes,16.0,38.1066310193666,Yes,No,No,No,No,No,No,Several times a week,At a friend's house,"Yes, considering",Not effective,Not effective,Not effective,Neutral,Not effective
107,20.0,Female,Did not complete Year 12,Self-employed,Struggled to meet basic needs,A suburb of a large city,No,Agree,Agree,Agree,Neutral,Agree,Disagree,Disagree,Disagree,Disagree,To relieve stress or anxiety,"Accepted and normalized (e.g., seen as a recreational or casual activity)",Yes,17.0,22.8119782969876,Yes,Yes,Yes,No,No,No,No,Daily,At a friend's house,"Yes, actively",Neutral,Not effective,Neutral,Neutral,Neutral
108,21.0,Male,Did not complete Year 12,Student,"Met basic needs, but with some difficulty",A suburb of a large city,Yes,Agree,Agree,Agree,Agree,Disagree,Disagree,Disagree,Disagree,Disagree,To relieve stress or anxiety,"Accepted and normalized (e.g., seen as a recreational or casual activity)",Yes,18.0,91.7992151357181,Yes,No,No,No,No,No,No,Several times a week,At a friend's house,Not sure,Not effective,Neutral,Not effective at all,Neutral,Not effective
109,22.0,Male,Completed Year 12 (VCE),Employed full-time,Struggled to meet basic needs,A large city,No,Neutral,Agree,Strongly Agree,Neutral,Neutral,Disagree,Strongly Disagree,Disagree,Strongly Disagree,Curiosity,"Negative and stigmatized (e.g., seen as dangerous or a moral failing)",Yes,17.0,81.0131354459307,No,No,Yes,No,No,No,No,Several times a week,At home alone,No,Effective,Very effective,Effective,Very effective,Very effective
110,19.0,Female,Did not complete Year 12,Unemployed,"Met basic needs, but with some difficulty",A large city,Yes,Neutral,Agree,Agree,Neutral,Agree,Disagree,Disagree,Disagree,Neutral,To escape problems,"Negative and stigmatized (e.g., seen as dangerous or a moral failing)",Yes,16.0,28.9460920914993,Yes,No,Yes,No,No,No,No,Daily,At home alone,"Yes, considering",Neutral,Effective,Effective,Effective,Very effective
111,23.0,Male,Did not complete Year 12,Student,"Comfortable, able to meet most needs",A large city,Yes,Agree,Neutral,Agree,Agree,Agree,Disagree,Disagree,Disagree,Neutral,Curiosity,"Accepted and normalized (e.g., seen as a recreational or casual activity)",Yes,17.0,95.8768879522413,No,No,No,No,No,No,No,Daily,At a friend's house,"Yes, actively",Not effective,Not effective,Neutral,Neutral,Neutral
112,20.0,Female,Completed Year 12 (VCE),Employed full-time,Struggled to meet basic needs,A large city,No,Agree,Agree,Strongly Agree,Neutral,Agree,Disagree,Disagree,Disagree,Strongly Disagree,Curiosity,"Negative and stigmatized (e.g., seen as dangerous or a moral failing)",Yes,17.0,46.9774563561747,Yes,No,No,No,No,No,No,Several times a week,At a friend's house,"Yes, considering",Effective,Neutral,Not effective,Effective,Effective
113,24.0,Male,Completed Year 12 (VCE),Employed full-time,"Met basic needs, but with some difficulty",A town,No,Agree,Agree,Agree,Strongly Disagree,Agree,Disagree,Disagree,Neutral,Disagree,Curiosity,"Accepted and normalized (e.g., seen as a recreational or casual activity)",Yes,19.0,19.4807123710644,No,No,Yes,No,Yes,No,No,Once a week,At a friend's house,Not sure,Very effective,Very effective,Very effective,Effective,Effective
114,23.0,Male,Undergraduate University Degree,Student,"Met basic needs, but with some difficulty",A large city,No,Neutral,Neutral,Neutral,Disagree,Neutral,Neutral,Neutral,Disagree,Disagree,To relieve stress or anxiety,"Accepted and normalized (e.g., seen as a recreational or casual activity)",Yes,16.0,40.2320201066161,Yes,No,No,No,Yes,No,No,Several times a week,At home alone,"Yes, actively",Not effective,Not effective,Not effective,Neutral,Effective
115,21.0,Female,TAFE Qualification,Student,"Comfortable, able to meet most needs",A suburb of a large city,No,Disagree,Agree,Neutral,Neutral,Disagree,Neutral,Disagree,Neutral,Neutral,To escape problems,"Accepted and normalized (e.g., seen as a recreational or casual activity)",Yes,17.0,40.0080698182782,Yes,No,No,No,No,No,Yes,1-3 times a month,At a friend's house,No,Not effective,Neutral,Neutral,Effective,Effective
116,19.0,Female,Did not complete Year 12,Employed full-time,"Met basic needs, but with some difficulty",A large city,No,Disagree,Neutral,Neutral,Agree,Neutral,Agree,Disagree,Disagree,Neutral,To relieve stress or anxiety,"Accepted and normalized (e.g., seen as a recreational or casual activity)",Yes,16.0,62.0636395987963,Yes,No,No,No,No,No,No,Once a week,"Outdoors (e.g., park, street)",Not sure,Neutral,Very effective,Effective,Effective,Effective
117,19.0,Male,TAFE Qualification,Student,Struggled to meet basic needs,A suburb of a large city,No,Disagree,Agree,Agree,Disagree,Disagree,Disagree,Disagree,Neutral,Disagree,To seek a 'high' or plessure,"Accepted and normalized (e.g., seen as a recreational or casual activity)",Yes,16.0,21.5173741903992,Yes,No,No,No,No,No,No,Several times a week,At a party or social gathering,"Yes, considering",Not effective,Not effective at all,Not effective at all,Neutral,Neutral
118,21.0,Male,Did not complete Year 12,Unemployed,"Met basic needs, but with some difficulty",A large city,Yes,Agree,Agree,Strongly Agree,Disagree,Agree,Strongly Disagree,Disagree,Disagree,Disagree,To fit in with friends,"Negative and stigmatized (e.g., seen as dangerous or a moral failing)",Yes,17.0,18.7268826912204,Yes,No,No,No,No,No,No,Once a week,At a friend's house,"Yes, considering",Neutral,Very effective,Neutral,Neutral,Neutral
119,23.0,Female,TAFE Qualification,Unemployed,"Met basic needs, but with some difficulty",A large city,No,Neutral,Neutral,Agree,Neutral,Neutral,Neutral,Neutral,Neutral,Disagree,Curiosity,"Negative and stigmatized (e.g., seen as dangerous or a moral failing)",Yes,17.0,59.7562737858787,Yes,No,No,No,No,No,No,Once a week,At home alone,Not sure,Neutral,Not effective,Neutral,Very effective,Effective
120,21.0,Female,Completed Year 12 (VCE),Employed part-time,"Met basic needs, but with some difficulty",A rural area,No,Disagree,Neutral,Agree,Disagree,Disagree,Neutral,Disagree,Neutral,Disagree,To fit in with friends,"Accepted and normalized (e.g., seen as a recreational or casual activity)",Yes,17.0,35.0899135524467,Yes,No,No,No,Yes,Yes,No,Several times a week,"Outdoors (e.g., park, street)","Yes, considering",Not effective,Not effective at all,Not effective,Not effective,Neutral
121,23.0,Male,TAFE Qualification,Employed part-time,"Comfortable, able to meet most needs",A rural area,Yes,Disagree,Agree,Agree,Neutral,Disagree,Neutral,Disagree,Neutral,Agree,To escape problems,"Accepted and normalized (e.g., seen as a recreational or casual activity)",Yes,19.0,95.1656070763287,Yes,No,No,No,No,No,No,Several times a week,At home alone,No,Neutral,Effective,Very effective,Effective,Very effective
122,24.0,Male,Postgraduate University Degree,Employed part-time,"Comfortable, able to meet most needs",A large city,Yes,Neutral,Disagree,Agree,Strongly Disagree,Disagree,Neutral,Disagree,Neutral,Neutral,To relieve stress or anxiety,"Negative and stigmatized (e.g., seen as dangerous or a moral failing)",Yes,20.0,13.7579243880234,No,No,No,No,No,No,No,Less than once a month,At home alone,No,Not effective,Not effective,Effective,Neutral,Effective
123,20.0,Female,Undergraduate University Degree,Unemployed,Struggled to meet basic needs,A large city,No,Disagree,Disagree,Disagree,Neutral,Neutral,Strongly Agree,Neutral,Disagree,Strongly Disagree,Curiosity,"Accepted and normalized (e.g., seen as a recreational or casual activity)",Yes,17.0,75.7971818864637,Yes,No,No,No,No,No,No,1-3 times a month,"Outdoors (e.g., park, street)",Not sure,Effective,Neutral,Neutral,Effective,Effective
124,19.0,Female,TAFE Qualification,Employed full-time,"Met basic needs, but with some difficulty",A suburb of a large city,No,Disagree,Disagree,Strongly Disagree,Disagree,Disagree,Agree,Neutral,Neutral,Neutral,To relieve stress or anxiety,Private and not openly discussed,Yes,17.0,20.3218937542104,Yes,No,Yes,No,No,No,No,1-3 times a month,At a friend's house,"Yes, considering",Not effective at all,Not effective,Not effective,Not effective,Neutral
125,24.0,Female,Postgraduate University Degree,Unemployed,"Met basic needs, but with some difficulty",A suburb of a large city,No,Agree,Strongly Disagree,Disagree,Strongly Disagree,Agree,Agree,Disagree,Disagree,Strongly Disagree,To fit in with friends,Private and not openly discussed,Yes,20.0,29.7481924177064,Yes,No,No,No,No,No,No,Once a week,At home alone,"Yes, considering",Neutral,Not effective at all,Not effective,Not effective at all,Not effective
126,23.0,Male,TAFE Qualification,Student,"Met basic needs, but with some difficulty",A town,No,Disagree,Disagree,Agree,Disagree,Neutral,Agree,Disagree,Disagree,Disagree,To relieve stress or anxiety,Private and not openly discussed,Yes,16.0,27.1745037307297,Yes,No,Yes,No,No,No,No,Several times a week,At a party or social gathering,Not sure,Neutral,Neutral,Effective,Neutral,Effective
127,21.0,Male,Completed Year 12 (VCE),Self-employed,Struggled to meet basic needs,A large city,No,Disagree,Neutral,Agree,Neutral,Neutral,Neutral,Disagree,Disagree,Disagree,Curiosity,"Accepted and normalized (e.g., seen as a recreational or casual activity)",Yes,16.0,32.7575958807988,Yes,No,No,No,No,Yes,No,Several times a week,At a party or social gathering,Not sure,Neutral,Neutral,Neutral,Effective,Effective
128,19.0,Female,Completed Year 12 (VCE),Employed part-time,"Comfortable, able to meet most needs",A large city,No,Disagree,Neutral,Disagree,Neutral,Neutral,Agree,Disagree,Disagree,Neutral,To fit in with friends,Private and not openly discussed,Yes,16.0,33.7781681945955,Yes,No,No,No,No,No,No,Once a week,"Outdoors (e.g., park, street)","Yes, considering",Not effective,Not effective,Not effective,Neutral,Effective
129,20.0,Female,Did not complete Year 12,Employed full-time,Struggled to meet basic needs,A large city,No,Agree,Agree,Strongly Agree,Agree,Agree,Strongly Disagree,Strongly Disagree,Disagree,Disagree,To escape problems,"Accepted and normalized (e.g., seen as a recreational or casual activity)",Yes,16.0,39.8843712118457,No,No,No,No,No,Yes,No,Daily,At a party or social gathering,"Yes, considering",Not effective,Neutral,Not effective,Effective,Neutral
130,18.0,Male,Did not complete Year 12,Unemployed,"Met basic needs, but with some difficulty",A rural area,Yes,Agree,Agree,Agree,Neutral,Agree,Strongly Disagree,Disagree,Disagree,Disagree,To relieve stress or anxiety,"Negative and stigmatized (e.g., seen as dangerous or a moral failing)",Yes,17.0,28.3740367008512,Yes,No,Yes,No,No,No,No,1-3 times a month,At a party or social gathering,Not sure,Neutral,Neutral,Neutral,Neutral,Neutral
131,17.0,Male,Did not complete Year 12,Employed full-time,Struggled to meet basic needs,A suburb of a large city,Yes,Agree,Agree,Agree,Neutral,Neutral,Strongly Disagree,Disagree,Disagree,Strongly Disagree,Curiosity,"Mixed or polarized (e.g., some are for it, others are strongly against it)",Yes,16.0,25.9326687710678,Yes,No,No,No,No,Yes,No,Daily,At a party or social gathering,"Yes, actively",Not effective at all,Not effective at all,Not effective at all,Neutral,Not effective
132,19.0,Male,Completed Year 12 (VCE),Unemployed,"Met basic needs, but with some difficulty",A rural area,No,Neutral,Agree,Agree,Agree,Neutral,Disagree,Disagree,Disagree,Disagree,Curiosity,"Accepted and normalized (e.g., seen as a recreational or casual activity)",Yes,16.0,43.1047930574235,Yes,No,No,No,No,No,No,Once a week,At a party or social gathering,"Yes, considering",Neutral,Effective,Neutral,Effective,Effective
133,21.0,Female,TAFE Qualification,Employed part-time,"Met basic needs, but with some difficulty",A large city,Yes,Neutral,Neutral,Neutral,Neutral,Neutral,Neutral,Disagree,Disagree,Strongly Disagree,To fit in with friends,"Accepted and normalized (e.g., seen as a recreational or casual activity)",Yes,17.0,61.5237691950381,Yes,No,No,No,No,Yes,No,Once a week,At a friend's house,No,Neutral,Neutral,Neutral,Effective,Effective
134,22.0,Male,Did not complete Year 12,Unemployed,"Met basic needs, but with some difficulty",A rural area,No,Strongly Agree,Disagree,Agree,Neutral,Strongly Agree,Neutral,Strongly Disagree,Strongly Disagree,Strongly Disagree,To escape problems,"Negative and stigmatized (e.g., seen as dangerous or a moral failing)",Yes,16.0,45.9128199831508,Yes,No,No,No,No,No,No,Daily,At a friend's house,"Yes, actively",Neutral,Neutral,Effective,Effective,Effective
135,23.0,Male,Completed Year 12 (VCE),Self-employed,Struggled to meet basic needs,A rural area,No,Agree,Neutral,Agree,Disagree,Agree,Disagree,Disagree,Disagree,Strongly Disagree,To relieve stress or anxiety,"Accepted and normalized (e.g., seen as a recreational or casual activity)",Yes,16.0,23.8467071274637,Yes,No,No,No,No,No,No,Daily,At a party or social gathering,"Yes, actively",Not effective,Not effective at all,Not effective at all,Not effective,Not effective
136,21.0,Male,TAFE Qualification,Unemployed,"Met basic needs, but with some difficulty",A large city,No,Agree,Disagree,Neutral,Strongly Disagree,Agree,Agree,Strongly Disagree,Disagree,Disagree,To relieve stress or anxiety,"Negative and stigmatized (e.g., seen as dangerous or a moral failing)",Yes,17.0,9.45300912476295,Yes,Yes,No,No,No,No,No,1-3 times a month,"Outdoors (e.g., park, street)",Not sure,Neutral,Neutral,Effective,Not effective,Not effective
137,20.0,Male,Completed Year 12 (VCE),Student,"Comfortable, able to meet most needs",A large city,No,Agree,Neutral,Disagree,Disagree,Agree,Agree,Disagree,Disagree,Disagree,To escape problems,"Negative and stigmatized (e.g., seen as dangerous or a moral failing)",Yes,17.0,12.3155303876707,Yes,No,No,No,No,No,No,1-3 times a month,"Outdoors (e.g., park, street)","Yes, considering",Neutral,Neutral,Not effective,Not effective,Not effective
138,16.0,Male,Did not complete Year 12,Self-employed,Struggled to meet basic needs,A large city,Yes,Neutral,Strongly Agree,Agree,Agree,Neutral,Disagree,Disagree,Disagree,Disagree,To seek a 'high' or plessure,"Mixed or polarized (e.g., some are for it, others are strongly against it)",Yes,15.0,46.4120297671967,No,No,Yes,No,No,No,No,Once a week,At home alone,"Yes, considering",Neutral,Very effective,Not effective at all,Effective,Effective
139,20.0,Male,Did not complete Year 12,Student,"Met basic needs, but with some difficulty",A rural area,Yes,Neutral,Agree,Agree,Disagree,Neutral,Disagree,Disagree,Disagree,Neutral,To relieve stress or anxiety,"Accepted and normalized (e.g., seen as a recreational or casual activity)",Yes,18.0,24.848911735106,Yes,Yes,No,No,No,Yes,No,1-3 times a month,At a friend's house,No,Not effective,Neutral,Effective,Effective,Effective
140,22.0,Male,Undergraduate University Degree,Student,"Met basic needs, but with some difficulty",A suburb of a large city,Yes,Neutral,Disagree,Disagree,Disagree,Neutral,Agree,Disagree,Disagree,Disagree,To cope with boredom,"Accepted and normalized (e.g., seen as a recreational or casual activity)",Yes,19.0,58.0239591122833,Yes,Yes,No,No,No,No,No,Once a week,At a party or social gathering,Not sure,Not effective,Not effective,Not effective,Effective,Effective
141,24.0,Female,Undergraduate University Degree,Self-employed,"Met basic needs, but with some difficulty",A suburb of a large city,No,Agree,Disagree,Neutral,Disagree,Agree,Agree,Disagree,Disagree,Strongly Disagree,To relieve stress or anxiety,"Accepted and normalized (e.g., seen as a recreational or casual activity)",Yes,18.0,30.7319222518588,No,No,No,No,No,Yes,No,Once a week,At home alone,No,Neutral,Neutral,Effective,Effective,Neutral
142,20.0,Female,Completed Year 12 (VCE),Employed full-time,"Met basic needs, but with some difficulty",A large city,No,Strongly Agree,Agree,Agree,Agree,Agree,Disagree,Disagree,Disagree,Strongly Disagree,To relieve stress or anxiety,"Accepted and normalized (e.g., seen as a recreational or casual activity)",Yes,17.0,114.330498061162,Yes,No,No,No,No,No,No,Several times a week,At a friend's house,"Yes, considering",Effective,Very effective,Not effective,Effective,Effective
143,22.0,Male,TAFE Qualification,Unemployed,"Comfortable, able to meet most needs",A suburb of a large city,No,Disagree,Disagree,Neutral,Strongly Disagree,Disagree,Agree,Neutral,Neutral,Agree,Curiosity,"Accepted and normalized (e.g., seen as a recreational or casual activity)",Yes,17.0,13.7488954167606,Yes,No,No,No,No,No,No,Once a week,At home alone,No,Not effective at all,Not effective at all,Very effective,Not effective,Neutral
144,23.0,Male,TAFE Qualification,Employed part-time,"Comfortable, able to meet most needs",A large city,No,Neutral,Neutral,Neutral,Disagree,Neutral,Neutral,Disagree,Neutral,Neutral,Curiosity,"Accepted and normalized (e.g., seen as a recreational or casual activity)",Yes,18.0,39.6352393874123,Yes,No,Yes,No,No,No,No,1-3 times a month,At a friend's house,Not sure,Neutral,Not effective,Effective,Neutral,Effective
145,21.0,Female,TAFE Qualification,Unemployed,Struggled to meet basic needs,A suburb of a large city,No,Agree,Disagree,Neutral,Disagree,Agree,Neutral,Disagree,Disagree,Strongly Disagree,Curiosity,Private and not openly discussed,Yes,17.0,19.2339877975711,Yes,No,No,No,No,No,No,Several times a week,At a party or social gathering,"Yes, actively",Not effective,Not effective at all,Not effective at all,Not effective at all,Not effective
146,17.0,Male,Did not complete Year 12,Unemployed,"Met basic needs, but with some difficulty",A large city,No,Neutral,Neutral,Disagree,Disagree,Agree,Disagree,Disagree,Neutral,Disagree,To relieve stress or anxiety,"Negative and stigmatized (e.g., seen as dangerous or a moral failing)",Yes,17.0,9.95900848310854,Yes,No,Yes,No,No,No,No,Once a week,At home alone,"Yes, considering",Not effective,Not effective at all,Not effective at all,Not effective,Not effective
147,19.0,Male,Completed Year 12 (VCE),Unemployed,"Met basic needs, but with some difficulty",A large city,No,Neutral,Agree,Disagree,Neutral,Neutral,Disagree,Disagree,Neutral,Disagree,To relieve stress or anxiety,"Accepted and normalized (e.g., seen as a recreational or casual activity)",Yes,17.0,16.4885001475784,Yes,No,No,No,No,No,No,Once a week,At home alone,Not sure,Not effective,Not effective at all,Not effective,Neutral,Not effective
148,21.0,Male,Undergraduate University Degree,Unemployed,"Very comfortable, rarely had to worry about money",A large city,No,Disagree,Neutral,Disagree,Disagree,Disagree,Neutral,Disagree,Agree,Neutral,To seek a 'high' or plessure,"Accepted and normalized (e.g., seen as a recreational or casual activity)",Yes,20.0,27.2428538685889,No,No,No,No,No,No,No,Less than once a month,At a friend's house,No,Not effective,Not effective,Not effective,Not effective,Neutral
149,23.0,Female,Completed Year 12 (VCE),Employed full-time,"Met basic needs, but with some difficulty",A rural area,No,Agree,Disagree,Neutral,Disagree,Agree,Neutral,Disagree,Disagree,Strongly Disagree,To relieve stress or anxiety,Private and not openly discussed,Yes,18.0,48.4987204233935,Yes,No,No,No,No,No,No,1-3 times a month,At a friend's house,No,Effective,Very effective,Effective,Effective,Neutral
150,19.0,Male,Completed Year 12 (VCE),Employed part-time,"Met basic needs, but with some difficulty",A town,No,Neutral,Agree,Disagree,Neutral,Neutral,Neutral,Disagree,Disagree,Disagree,To fit in with friends,"Accepted and normalized (e.g., seen as a recreational or casual activity)",Yes,17.0,55.0372473103139,Yes,No,No,No,No,Yes,No,Once a week,"Outdoors (e.g., park, street)","Yes, considering",Not effective,Not effective,Not effective at all,Not effective,Not effective
151,18.0,Male,Did not complete Year 12,Student,"Met basic needs, but with some difficulty",A suburb of a large city,No,Agree,Strongly Agree,Strongly Agree,Neutral,Neutral,Strongly Disagree,Disagree,Disagree,Disagree,To seek a 'high' or plessure,"Mixed or polarized (e.g., some are for it, others are strongly against it)",Yes,16.0,31.8318193674885,Yes,No,Yes,Yes,No,No,No,Several times a week,At a party or social gathering,"Yes, considering",Not effective,Effective,Neutral,Effective,Effective
152,18.0,Female,Did not complete Year 12,Student,"Comfortable, able to meet most needs",A large city,Yes,Agree,Neutral,Disagree,Agree,Neutral,Disagree,Neutral,Disagree,Agree,To relieve stress or anxiety,"Mixed or polarized (e.g., some are for it, others are strongly against it)",Yes,17.0,47.6307490385319,Yes,No,No,No,No,No,No,Several times a week,"Outdoors (e.g., park, street)","Yes, actively",Not effective at all,Not effective,Not effective at all,Not effective,Not effective
153,23.0,Female,TAFE Qualification,Employed part-time,"Met basic needs, but with some difficulty",A suburb of a large city,No,Agree,Disagree,Disagree,Disagree,Agree,Agree,Disagree,Disagree,Disagree,To fit in with friends,"Mixed or polarized (e.g., some are for it, others are strongly against it)",Yes,18.0,44.0443081236756,Yes,Yes,No,No,No,No,No,Once a week,"Outdoors (e.g., park, street)","Yes, considering",Neutral,Not effective,Neutral,Not effective,Neutral
154,18.0,Female,Completed Year 12 (VCE),Unemployed,Struggled to meet basic needs,A rural area,No,Agree,Agree,Agree,Disagree,Agree,Disagree,Disagree,Disagree,Strongly Disagree,To seek a 'high' or plessure,"Accepted and normalized (e.g., seen as a recreational or casual activity)",Yes,17.0,17.7572094172622,Yes,No,No,No,No,No,No,Several times a week,At a friend's house,"Yes, considering",Not effective,Not effective,Neutral,Effective,Effective
155,21.0,Female,Did not complete Year 12,Unemployed,Struggled to meet basic needs,A town,No,Agree,Strongly Agree,Strongly Agree,Disagree,Neutral,Disagree,Strongly Disagree,Neutral,Disagree,To escape problems,Private and not openly discussed,Yes,17.0,16.9060051945156,Yes,No,No,No,No,No,No,Several times a week,At a party or social gathering,"Yes, considering",Neutral,Neutral,Effective,Neutral,Neutral
156,18.0,Male,Did not complete Year 12,Employed part-time,Struggled to meet basic needs,A large city,No,Agree,Strongly Agree,Strongly Agree,Agree,Agree,Strongly Disagree,Disagree,Strongly Disagree,Disagree,To relieve stress or anxiety,"Accepted and normalized (e.g., seen as a recreational or casual activity)",Yes,15.0,40.3040924075054,No,No,Yes,No,No,No,No,Daily,At home alone,"Yes, actively",Neutral,Effective,Not effective,Neutral,Effective
157,21.0,Female,TAFE Qualification,Employed full-time,"Met basic needs, but with some difficulty",A suburb of a large city,Yes,Neutral,Agree,Agree,Agree,Agree,Neutral,Disagree,Disagree,Strongly Disagree,To relieve stress or anxiety,"Accepted and normalized (e.g., seen as a recreational or casual activity)",Yes,16.0,102.950128896479,Yes,No,No,No,No,No,No,Several times a week,At home alone,Not sure,Effective,Neutral,Neutral,Very effective,Effective
158,21.0,Female,TAFE Qualification,Self-employed,"Comfortable, able to meet most needs",A rural area,No,Neutral,Disagree,Strongly Disagree,Neutral,Neutral,Agree,Neutral,Disagree,Disagree,To fit in with friends,Private and not openly discussed,Yes,18.0,78.1698019367577,Yes,No,No,No,No,No,Yes,1-3 times a month,At a party or social gathering,Not sure,Neutral,Not effective,Not effective at all,Not effective,Not effective
159,18.0,Female,Did not complete Year 12,Self-employed,Struggled to meet basic needs,A large city,Yes,Neutral,Agree,Agree,Agree,Agree,Disagree,Disagree,Strongly Disagree,Disagree,Curiosity,Private and not openly discussed,Yes,16.0,47.407415879068,Yes,Yes,No,No,No,No,No,Once a week,"Outdoors (e.g., park, street)",Not sure,Neutral,Effective,Neutral,Effective,Effective
160,24.0,Female,TAFE Qualification,Self-employed,"Comfortable, able to meet most needs",A suburb of a large city,Yes,Neutral,Disagree,Neutral,Disagree,Agree,Agree,Disagree,Disagree,Disagree,To seek a 'high' or plessure,"Accepted and normalized (e.g., seen as a recreational or casual activity)",Yes,17.0,30.4012449972203,Yes,No,No,No,No,No,No,Several times a week,At home alone,Not sure,Neutral,Not effective,Very effective,Neutral,Effective
161,23.0,Female,TAFE Qualification,Self-employed,"Comfortable, able to meet most needs",A town,Yes,Disagree,Neutral,Agree,Disagree,Disagree,Agree,Disagree,Neutral,Agree,To escape problems,"Accepted and normalized (e.g., seen as a recreational or casual activity)",Yes,17.0,39.9760037350098,Yes,Yes,No,No,No,No,No,Several times a week,At a party or social gathering,Not sure,Not effective,Not effective at all,Very effective,Effective,Very effective
162,20.0,Female,Completed Year 12 (VCE),Unemployed,"Met basic needs, but with some difficulty",A suburb of a large city,No,Disagree,Neutral,Neutral,Disagree,Disagree,Neutral,Neutral,Neutral,Neutral,To relieve stress or anxiety,"Accepted and normalized (e.g., seen as a recreational or casual activity)",Yes,18.0,26.9252026899268,Yes,No,Yes,No,No,No,No,Less than once a month,At home alone,Not sure,Neutral,Neutral,Very effective,Effective,Effective
163,18.0,Male,Completed Year 12 (VCE),Employed full-time,"Comfortable, able to meet most needs",A rural area,No,Strongly Disagree,Strongly Agree,Agree,Neutral,Strongly Disagree,Disagree,Disagree,Strongly Agree,Agree,To relieve stress or anxiety,"Negative and stigmatized (e.g., seen as dangerous or a moral failing)",Yes,17.0,18.1690316608688,Yes,No,No,No,No,No,No,Several times a week,At a party or social gathering,Not sure,Not effective,Not effective,Effective,Effective,Effective
164,21.0,Male,Undergraduate University Degree,Unemployed,"Comfortable, able to meet most needs",A suburb of a large city,No,Strongly Disagree,Disagree,Strongly Disagree,Neutral,Disagree,Strongly Agree,Neutral,Disagree,Neutral,To relieve stress or anxiety,"Mixed or polarized (e.g., some are for it, others are strongly against it)",Yes,17.0,88.5564046582095,Yes,No,No,No,No,No,No,1-3 times a month,At a friend's house,Not sure,Not effective,Not effective,Effective,Effective,Effective
165,22.0,Female,TAFE Qualification,Unemployed,"Met basic needs, but with some difficulty",A large city,No,Neutral,Disagree,Neutral,Disagree,Neutral,Agree,Disagree,Disagree,Disagree,To relieve stress or anxiety,"Accepted and normalized (e.g., seen as a recreational or casual activity)",Yes,18.0,34.2942606244411,Yes,No,Yes,No,No,No,No,Less than once a month,At a party or social gathering,No,Neutral,Not effective,Neutral,Neutral,Neutral
166,19.0,Male,Did not complete Year 12,Self-employed,"Met basic needs, but with some difficulty",A large city,No,Agree,Agree,Neutral,Neutral,Agree,Disagree,Disagree,Disagree,Disagree,Curiosity,"Accepted and normalized (e.g., seen as a recreational or casual activity)",Yes,17.0,18.9536899998274,No,No,No,No,No,No,No,Once a week,"Outdoors (e.g., park, street)","Yes, considering",Not effective,Not effective,Not effective,Neutral,Neutral
167,21.0,Female,Completed Year 12 (VCE),Unemployed,"Met basic needs, but with some difficulty",A rural area,No,Disagree,Neutral,Neutral,Neutral,Disagree,Neutral,Neutral,Neutral,Neutral,To escape problems,Private and not openly discussed,Yes,17.0,48.7193434721397,Yes,No,No,No,No,No,No,1-3 times a month,At home alone,No,Neutral,Neutral,Very effective,Very effective,Effective
168,21.0,Male,TAFE Qualification,Unemployed,"Comfortable, able to meet most needs",A suburb of a large city,No,Disagree,Disagree,Neutral,Neutral,Disagree,Agree,Disagree,Disagree,Disagree,To relieve stress or anxiety,"Accepted and normalized (e.g., seen as a recreational or casual activity)",Yes,17.0,75.2435849741193,No,No,No,No,No,No,No,1-3 times a month,At home alone,No,Not effective,Not effective,Not effective,Effective,Neutral
169,21.0,Male,Completed Year 12 (VCE),Unemployed,Struggled to meet basic needs,A town,Yes,Disagree,Agree,Strongly Agree,Disagree,Disagree,Disagree,Disagree,Disagree,Neutral,Curiosity,Private and not openly discussed,Yes,16.0,23.3068446437365,Yes,No,No,No,No,No,No,Several times a week,At home alone,"Yes, considering",Neutral,Neutral,Effective,Effective,Very effective
170,17.0,Female,Did not complete Year 12,Employed full-time,"Met basic needs, but with some difficulty",A large city,Yes,Neutral,Agree,Agree,Agree,Neutral,Disagree,Disagree,Disagree,Neutral,To escape problems,"Accepted and normalized (e.g., seen as a recreational or casual activity)",Yes,17.0,40.5114590019036,Yes,No,No,No,No,No,No,Once a week,"Outdoors (e.g., park, street)","Yes, considering",Not effective,Neutral,Not effective,Not effective,Neutral
171,21.0,Female,Completed Year 12 (VCE),Student,"Met basic needs, but with some difficulty",A town,No,Agree,Disagree,Neutral,Neutral,Agree,Agree,Disagree,Strongly Disagree,Disagree,To escape problems,"Accepted and normalized (e.g., seen as a recreational or casual activity)",Yes,17.0,48.1850181198558,Yes,No,No,No,No,No,No,Once a week,At a friend's house,Not sure,Neutral,Effective,Effective,Effective,Effective
172,20.0,Female,TAFE Qualification,Employed full-time,"Met basic needs, but with some difficulty",A suburb of a large city,No,Disagree,Disagree,Disagree,Disagree,Disagree,Agree,Neutral,Disagree,Disagree,To relieve stress or anxiety,"Negative and stigmatized (e.g., seen as dangerous or a moral failing)",Yes,18.0,40.5527266347049,No,No,Yes,No,Yes,Yes,No,Once a week,At home alone,Not sure,Not effective at all,Not effective at all,Not effective,Not effective,Neutral
173,21.0,Male,TAFE Qualification,Self-employed,"Met basic needs, but with some difficulty",A suburb of a large city,No,Agree,Agree,Agree,Disagree,Agree,Neutral,Disagree,Disagree,Disagree,Curiosity,"Accepted and normalized (e.g., seen as a recreational or casual activity)",Yes,17.0,29.1603337445639,Yes,No,No,No,No,No,No,Several times a week,At home alone,"Yes, considering",Not effective,Not effective,Neutral,Effective,Effective
174,19.0,Female,Did not complete Year 12,Employed part-time,"Met basic needs, but with some difficulty",A town,No,Agree,Agree,Agree,Neutral,Agree,Disagree,Disagree,Strongly Disagree,Strongly Disagree,To relieve stress or anxiety,"Accepted and normalized (e.g., seen as a recreational or casual activity)",Yes,16.0,36.6848390538762,Yes,No,Yes,No,No,No,No,1-3 times a month,At a party or social gathering,Not sure,Neutral,Effective,Neutral,Neutral,Neutral
175,19.0,Female,Completed Year 12 (VCE),Unemployed,Struggled to meet basic needs,A town,Yes,Agree,Neutral,Agree,Neutral,Agree,Neutral,Strongly Disagree,Strongly Disagree,Strongly Disagree,To relieve stress or anxiety,"Accepted and normalized (e.g., seen as a recreational or casual activity)",Yes,16.0,43.606110643005,Yes,No,Yes,No,No,No,No,Daily,At a friend's house,"Yes, considering",Not effective,Not effective at all,Not effective,Neutral,Neutral
176,18.0,Male,Did not complete Year 12,Student,"Met basic needs, but with some difficulty",A large city,Yes,Agree,Disagree,Disagree,Disagree,Agree,Neutral,Disagree,Disagree,Disagree,To fit in with friends,"Mixed or polarized (e.g., some are for it, others are strongly against it)",Yes,16.0,12.8080285200074,Yes,No,No,No,No,Yes,No,Several times a week,At a party or social gathering,"Yes, actively",Not effective at all,Not effective at all,Not effective at all,Not effective at all,Not effective at all
177,17.0,Female,Completed Year 12 (VCE),Self-employed,"Comfortable, able to meet most needs",A town,No,Disagree,Agree,Neutral,Neutral,Disagree,Neutral,Disagree,Disagree,Neutral,To relieve stress or anxiety,"Negative and stigmatized (e.g., seen as dangerous or a moral failing)",Yes,16.0,13.6283157137192,Yes,No,Yes,No,No,No,No,1-3 times a month,At a party or social gathering,"Yes, considering",Not effective,Not effective,Neutral,Not effective,Effective
178,21.0,Female,Completed Year 12 (VCE),Unemployed,"Comfortable, able to meet most needs",A large city,No,Disagree,Neutral,Disagree,Neutral,Disagree,Neutral,Disagree,Neutral,Agree,Curiosity,"Accepted and normalized (e.g., seen as a recreational or casual activity)",Yes,18.0,36.5269341787535,Yes,No,No,No,No,No,No,Several times a week,At home alone,Not sure,Not effective at all,Not effective at all,Neutral,Not effective,Not effective
179,23.0,Female,Completed Year 12 (VCE),Student,"Comfortable, able to meet most needs",A large city,No,Disagree,Disagree,Neutral,Disagree,Disagree,Agree,Disagree,Neutral,Disagree,To relieve stress or anxiety,"Negative and stigmatized (e.g., seen as dangerous or a moral failing)",Yes,18.0,37.7860879201849,Yes,No,No,No,No,No,Yes,Once a week,At home alone,No,Not effective,Not effective,Neutral,Not effective,Not effective
180,21.0,Female,Completed Year 12 (VCE),Unemployed,"Met basic needs, but with some difficulty",A suburb of a large city,Yes,Disagree,Neutral,Neutral,Disagree,Neutral,Neutral,Disagree,Neutral,Neutral,To escape problems,Private and not openly discussed,Yes,18.0,14.0836774892476,Yes,No,No,No,No,No,No,1-3 times a month,At a party or social gathering,Not sure,Not effective,Not effective,Not effective,Not effective,Not effective
181,20.0,Female,Did not complete Year 12,Self-employed,"Comfortable, able to meet most needs",A town,No,Disagree,Agree,Agree,Neutral,Disagree,Disagree,Neutral,Agree,Neutral,To relieve stress or anxiety,"Negative and stigmatized (e.g., seen as dangerous or a moral failing)",Yes,17.0,31.1714941135164,Yes,No,No,No,No,No,No,Several times a week,"Outdoors (e.g., park, street)","Yes, considering",Not effective,Not effective at all,Not effective,Neutral,Not effective
182,19.0,Male,Did not complete Year 12,Student,"Met basic needs, but with some difficulty",A town,No,Agree,Agree,Disagree,Neutral,Agree,Disagree,Disagree,Neutral,Neutral,Curiosity,Private and not openly discussed,Yes,17.0,14.1040427260098,No,No,No,No,No,No,No,Several times a week,At a friend's house,"Yes, actively",Not effective at all,Not effective at all,Not effective at all,Not effective at all,Not effective at all
183,20.0,Female,Completed Year 12 (VCE),Unemployed,"Met basic needs, but with some difficulty",A large city,Yes,Neutral,Strongly Agree,Agree,Neutral,Neutral,Disagree,Disagree,Disagree,Disagree,To escape problems,"Negative and stigmatized (e.g., seen as dangerous or a moral failing)",Yes,16.0,30.9182713859211,Yes,No,No,No,No,No,No,Once a week,At home alone,"Yes, considering",Neutral,Neutral,Neutral,Effective,Effective
184,20.0,Male,Did not complete Year 12,Unemployed,"Comfortable, able to meet most needs",A suburb of a large city,No,Neutral,Strongly Agree,Neutral,Agree,Neutral,Disagree,Disagree,Neutral,Agree,To seek a 'high' or plessure,Private and not openly discussed,Yes,17.0,49.5947357705824,Yes,No,No,No,No,No,No,Several times a week,At a friend's house,"Yes, considering",Not effective,Not effective,Not effective,Neutral,Neutral
185,18.0,Female,Did not complete Year 12,Student,"Met basic needs, but with some difficulty",A large city,Yes,Neutral,Strongly Agree,Strongly Agree,Neutral,Neutral,Strongly Disagree,Disagree,Disagree,Neutral,To escape problems,"Accepted and normalized (e.g., seen as a recreational or casual activity)",Yes,16.0,12.6048138697582,Yes,No,No,No,No,No,No,Several times a week,At home alone,"Yes, actively",Not effective,Neutral,Effective,Neutral,Effective
186,19.0,Male,TAFE Qualification,Unemployed,"Met basic needs, but with some difficulty",A large city,Yes,Disagree,Agree,Neutral,Neutral,Disagree,Neutral,Disagree,Neutral,Neutral,To fit in with friends,"Accepted and normalized (e.g., seen as a recreational or casual activity)",Yes,16.0,48.2098882573907,Yes,No,Yes,No,No,No,No,Once a week,At a party or social gathering,Not sure,Not effective,Not effective,Not effective,Effective,Effective
187,21.0,Female,Completed Year 12 (VCE),Unemployed,"Met basic needs, but with some difficulty",A rural area,Yes,Neutral,Agree,Neutral,Disagree,Neutral,Neutral,Disagree,Neutral,Neutral,To relieve stress or anxiety,"Negative and stigmatized (e.g., seen as dangerous or a moral failing)",Yes,18.0,22.8160424796735,No,No,No,No,No,No,No,Once a week,At home alone,No,Neutral,Not effective,Effective,Effective,Effective
188,21.0,Male,Completed Year 12 (VCE),Unemployed,Struggled to meet basic needs,A large city,No,Strongly Agree,Neutral,Neutral,Disagree,Strongly Agree,Disagree,Disagree,Disagree,Strongly Disagree,To escape problems,"Accepted and normalized (e.g., seen as a recreational or casual activity)",Yes,18.0,31.0696984190319,Yes,No,No,No,No,No,Yes,Several times a week,At a friend's house,"Yes, actively",Neutral,Not effective,Not effective,Not effective,Not effective
189,18.0,Female,TAFE Qualification,Unemployed,"Comfortable, able to meet most needs",A suburb of a large city,Yes,Neutral,Neutral,Neutral,Neutral,Disagree,Disagree,Neutral,Disagree,Neutral,Curiosity,"Accepted and normalized (e.g., seen as a recreational or casual activity)",Yes,17.0,19.697477973058,Yes,No,No,No,No,No,No,Less than once a month,At a friend's house,Not sure,Not effective,Not effective,Not effective,Neutral,Not effective
190,22.0,Male,Postgraduate University Degree,Employed part-time,Struggled to meet basic needs,A rural area,Yes,Disagree,Neutral,Neutral,Disagree,Neutral,Agree,Disagree,Disagree,Strongly Disagree,To fit in with friends,"Accepted and normalized (e.g., seen as a recreational or casual activity)",Yes,17.0,51.1482095942717,No,No,No,Yes,No,No,No,1-3 times a month,At a party or social gathering,Not sure,Effective,Effective,Neutral,Effective,Effective
191,21.0,Male,Did not complete Year 12,Unemployed,"Met basic needs, but with some difficulty",A large city,Yes,Strongly Agree,Agree,Agree,Neutral,Strongly Agree,Disagree,Strongly Disagree,Strongly Disagree,Disagree,To relieve stress or anxiety,"Mixed or polarized (e.g., some are for it, others are strongly against it)",Yes,17.0,31.8780416763064,Yes,No,No,No,No,No,No,Daily,At a friend's house,"Yes, actively",Neutral,Neutral,Neutral,Neutral,Neutral
192,20.0,Male,Completed Year 12 (VCE),Employed part-time,"Met basic needs, but with some difficulty",A large city,Yes,Neutral,Agree,Neutral,Neutral,Agree,Neutral,Disagree,Neutral,Disagree,To relieve stress or anxiety,"Accepted and normalized (e.g., seen as a recreational or casual activity)",Yes,16.0,29.3833740898607,Yes,No,No,No,No,No,No,Once a week,At a friend's house,"Yes, considering",Neutral,Not effective at all,Not effective,Neutral,Effective
193,19.0,Female,TAFE Qualification,Unemployed,"Comfortable, able to meet most needs",A suburb of a large city,Yes,Disagree,Strongly Agree,Neutral,Neutral,Disagree,Disagree,Neutral,Neutral,Agree,To cope with boredom,"Mixed or polarized (e.g., some are for it, others are strongly against it)",Yes,16.0,12.7973118501897,Yes,No,No,No,No,No,No,Once a week,At home alone,"Yes, actively",Not effective at all,Not effective at all,Not effective,Neutral,Neutral
194,19.0,Female,Did not complete Year 12,Student,"Met basic needs, but with some difficulty",A large city,Yes,Strongly Agree,Agree,Neutral,Neutral,Strongly Agree,Disagree,Disagree,Disagree,Neutral,Curiosity,Private and not openly discussed,Yes,17.0,28.5361760898811,No,No,No,No,No,No,No,Daily,At home alone,"Yes, actively",Not effective,Not effective,Neutral,Not effective,Neutral
195,22.0,Female,TAFE Qualification,Student,"Met basic needs, but with some difficulty",A suburb of a large city,No,Disagree,Neutral,Disagree,Neutral,Neutral,Agree,Disagree,Neutral,Disagree,To escape problems,"Negative and stigmatized (e.g., seen as dangerous or a moral failing)",Yes,17.0,41.4793642021166,Yes,No,Yes,No,No,No,No,1-3 times a month,At a friend's house,No,Not effective,Not effective,Effective,Effective,Effective
196,20.0,Female,Completed Year 12 (VCE),Student,"Comfortable, able to meet most needs",A town,No,Neutral,Agree,Agree,Neutral,Neutral,Neutral,Disagree,Disagree,Disagree,To escape problems,"Negative and stigmatized (e.g., seen as dangerous or a moral failing)",Yes,16.0,23.520397671137,No,No,No,No,No,No,No,Several times a week,At a party or social gathering,"Yes, considering",Not effective,Not effective at all,Neutral,Not effective,Not effective
197,24.0,Female,TAFE Qualification,Self-employed,"Very comfortable, rarely had to worry about money",A town,Yes,Disagree,Strongly Disagree,Strongly Disagree,Strongly Disagree,Disagree,Strongly Agree,Neutral,Agree,Agree,To escape problems,"Accepted and normalized (e.g., seen as a recreational or casual activity)",Yes,20.0,27.2122630392104,Yes,No,Yes,No,No,No,No,Less than once a month,At home alone,No,Not effective,Not effective at all,Very effective,Not effective,Not effective
198,24.0,Female,Postgraduate University Degree,Self-employed,"Comfortable, able to meet most needs",A suburb of a large city,Yes,Neutral,Neutral,Neutral,Strongly Disagree,Neutral,Agree,Disagree,Neutral,Disagree,To fit in with friends,"Accepted and normalized (e.g., seen as a recreational or casual activity)",Yes,20.0,39.4319167087633,Yes,No,No,No,No,No,Yes,1-3 times a month,At a friend's house,No,Neutral,Not effective at all,Neutral,Neutral,Neutral
199,21.0,Male,Undergraduate University Degree,Unemployed,"Met basic needs, but with some difficulty",A large city,No,Agree,Disagree,Neutral,Disagree,Agree,Agree,Disagree,Disagree,Strongly Disagree,To escape problems,"Accepted and normalized (e.g., seen as a recreational or casual activity)",Yes,18.0,36.7417704994489,Yes,No,No,No,No,No,No,Once a week,At a friend's house,"Yes, considering",Neutral,Not effective at all,Neutral,Neutral,Neutral
200,17.0,Male,Did not complete Year 12,Unemployed,Struggled to meet basic needs,A town,Yes,Neutral,Agree,Agree,Neutral,Neutral,Disagree,Disagree,Disagree,Disagree,To cope with boredom,"Mixed or polarized (e.g., some are for it, others are strongly against it)",Yes,16.0,16.5539086736362,Yes,No,No,No,No,No,Yes,Once a week,At a friend's house,"Yes, considering",Not effective at all,Not effective at all,Not effective,Neutral,Not effective
